{
  "resourceType" : "ValueSet",
  "id" : "ZimGender",
  "text" : {
    "status" : "extensions",
    "div" : "<div xmlns=\"http://www.w3.org/1999/xhtml\"><p class=\"res-header-id\"><b>Generated Narrative: ValueSet ZimGender</b></p><a name=\"ZimGender\"> </a><a name=\"hcZimGender\"> </a><ul><li>Include these codes as defined in <a href=\"http://hl7.org/fhir/R4/codesystem-administrative-gender.html\"><code>http://hl7.org/fhir/administrative-gender</code></a><span title=\"Version is not explicitly stated, which means it is fixed to 4.0.1, the version found through the package references\"> version &#x1F4E6;4.0.1</span><table class=\"none\"><tr><td style=\"white-space:nowrap\"><b>Code</b></td><td><b>Display</b></td><td><b>Definition</b></td></tr><tr><td><a href=\"http://hl7.org/fhir/R4/codesystem-administrative-gender.html#administrative-gender-male\">male</a></td><td>Male</td><td>Male.</td></tr><tr><td><a href=\"http://hl7.org/fhir/R4/codesystem-administrative-gender.html#administrative-gender-female\">female</a></td><td>Female</td><td>Female.</td></tr><tr><td><a href=\"http://hl7.org/fhir/R4/codesystem-administrative-gender.html#administrative-gender-other\">other</a></td><td>Not Determined</td><td>Other.</td></tr></table></li></ul></div>"
  },
  "url" : "http://smart.who.int/ig-empty/ValueSet/ZimGender",
  "version" : "0.1.0",
  "name" : "ZimGenderVS",
  "title" : "Gender Allowed in Zimbabwe",
  "status" : "draft",
  "date" : "2025-11-12T08:22:09+00:00",
  "publisher" : "MoHCC Zimbabwe",
  "contact" : [{
    "name" : "MoHCC Zimbabwe",
    "telecom" : [{
      "system" : "url",
      "value" : "http://mohcc.org.zw"
    }]
  }],
  "description" : "This is the Gender Values that are lawful in Zimbabwe",
  "jurisdiction" : [{
    "coding" : [{
      "system" : "http://unstats.un.org/unsd/methods/m49/m49.htm",
      "code" : "716",
      "display" : "World"
    }]
  }],
  "copyright" : "MoHCC_ZW",
  "compose" : {
    "include" : [{
      "system" : "http://hl7.org/fhir/administrative-gender",
      "concept" : [{
        "code" : "male",
        "display" : "Male"
      },
      {
        "code" : "female",
        "display" : "Female"
      },
      {
        "code" : "other",
        "display" : "Not Determined"
      }]
    }]
  }
}